,Code,2018,2017
0,600000,1,2
1,600001,0,0
2,600002,0,0
3,600003,0,0
4,600004,0,0
5,600005,0,0
6,600006,3,4
7,600007,0,0
8,600008,7,1
9,600009,0,0
10,600010,3,2
11,600011,1,2
12,600012,0,0
13,600015,1,1
14,600016,1,1
15,600017,2,3
16,600018,0,0
17,600019,2,2
18,600020,6,2
19,600021,3,3
20,600022,3,3
21,600023,2,3
22,600026,2,3
23,600027,2,1
24,600028,1,0
25,600029,0,0
26,600030,0,2
27,600031,3,0
28,600033,0,2
29,600035,2,1
30,600037,0,0
31,600038,1,3
32,600039,3,3
33,600048,3,2
34,600050,3,2
35,600051,2,1
36,600052,2,4
37,600053,2,3
38,600054,2,2
39,600055,2,1
40,600056,3,2
41,600057,6,6
42,600058,2,3
43,600059,2,1
44,600060,3,2
45,600061,2,2
46,600062,2,1
47,600063,2,0
48,600064,0,0
49,600065,0,0
50,600066,0,1
51,600067,3,4
52,600068,4,4
53,600069,5,3
54,600071,1,4
55,600072,2,3
56,600073,3,4
57,600074,3,4
58,600075,3,3
59,600076,4,6
60,600077,4,2
61,600078,1,1
62,600079,2,0
63,600080,0,1
64,600081,1,2
65,600082,4,5
66,600083,2,2
67,600084,1,0
68,600085,0,0
69,600086,0,0
70,600087,0,0
71,600088,0,8
72,600089,5,1
73,600090,2,0
74,600091,0,0
75,600092,0,3
76,600093,3,1
77,600094,4,3
78,600095,1,8
79,600096,7,2
80,600097,2,3
81,600098,2,2
82,600099,2,0
83,600100,0,0
84,600101,0,0
85,600102,0,1
86,600103,1,0
87,600104,0,1
88,600105,2,2
89,600106,1,2
90,600107,1,2
91,600108,2,2
92,600109,1,9
93,600110,7,4
94,600111,2,1
95,600112,5,2
96,600113,3,2
97,600114,3,3
98,600115,2,1
99,600116,2,6
100,600117,4,0
101,600118,0,2
102,600119,1,4
103,600120,4,1
104,600121,2,5
105,600122,3,1
106,600123,1,1
107,600126,1,1
108,600127,1,3
109,600128,2,2
110,600129,2,3
111,600130,0,0
112,600131,1,3
113,600132,0,0
114,600133,3,3
115,600135,1,1
116,600136,9,7
117,600137,2,1
118,600138,3,2
119,600139,1,3
120,600141,2,4
121,600143,2,2
122,600145,1,4
123,600146,4,7
124,600148,2,1
125,600149,2,2
126,600150,5,4
127,600151,2,5
128,600152,4,7
129,600153,1,1
130,600155,4,1
131,600156,2,2
132,600157,9,8
133,600158,5,4
134,600159,2,4
135,600160,2,2
136,600161,5,3
137,600162,3,0
138,600163,0,2
139,600165,5,6
140,600166,2,3
141,600167,2,3
142,600168,3,1
143,600170,0,0
144,600171,2,1
145,600172,2,3
146,600173,4,2
147,600175,3,3
148,600176,2,2
149,600177,2,2
150,600178,4,3
151,600179,2,3
152,600180,4,0
153,600181,0,0
154,600182,0,1
155,600183,1,3
156,600184,3,2
157,600185,3,1
158,600186,6,3
159,600188,2,3
160,600189,2,1
161,600190,3,2
162,600191,1,1
163,600192,1,1
164,600193,0,0
165,600195,3,3
166,600196,1,2
167,600197,1,4
168,600198,3,1
169,600199,4,1
170,600201,2,1
171,600202,2,2
172,600203,1,0
173,600205,0,1
174,600206,3,1
175,600207,2,2
176,600208,5,2
177,600210,2,2
178,600211,3,1
179,600212,2,2
180,600213,2,6
181,600215,3,1
182,600217,3,3
183,600218,2,0
184,600219,0,0
185,600220,0,1
186,600221,8,2
187,600223,4,1
188,600225,6,6
189,600226,4,3
190,600227,4,3
191,600228,2,3
192,600229,1,1
193,600230,1,6
194,600231,2,1
195,600233,3,1
196,600234,3,4
197,600235,2,2
198,600236,2,2
199,600237,1,4
200,600239,3,2
201,600240,2,2
202,600241,3,3
203,600242,3,3
204,600243,1,2
205,600246,3,1
206,600247,1,3
207,600248,3,4
208,600249,1,1
209,600250,2,2
210,600251,6,2
211,600252,3,2
212,600253,0,0
213,600255,3,7
214,600256,6,5
215,600257,1,1
216,600258,2,5
217,600259,3,1
218,600260,3,3
219,600261,0,0
220,600262,2,1
221,600263,0,0
222,600265,3,1
223,600266,3,1
224,600267,7,6
225,600268,4,4
226,600269,1,2
227,600270,0,0
228,600271,1,1
229,600272,1,6
230,600273,3,1
231,600275,1,1
232,600276,1,2
233,600277,2,2
234,600278,1,1
235,600279,1,4
236,600280,7,2
237,600281,4,3
238,600282,4,1
239,600284,1,1
240,600285,2,0
241,600286,0,1
242,600287,1,2
243,600288,1,3
244,600289,2,3
245,600290,2,2
246,600291,1,0
247,600292,0,3
248,600293,3,7
249,600295,8,0
250,600296,0,4
251,600297,3,1
252,600298,3,1
253,600299,1,4
254,600300,5,0
255,600301,0,1
256,600302,1,2
257,600303,3,0
258,600305,0,3
259,600306,3,1
260,600307,1,1
261,600308,1,5
262,600310,2,2
263,600311,0,0
264,600312,2,3
265,600313,2,5
266,600315,1,1
267,600316,2,2
268,600317,0,0
269,600318,5,5
270,600319,4,2
271,600320,1,4
272,600321,6,9
273,600322,4,1
274,600325,1,4
275,600326,1,2
276,600327,1,2
277,600328,2,2
278,600329,3,2
279,600330,3,2
280,600331,2,1
281,600332,1,1
282,600333,1,1
283,600335,3,3
284,600336,2,1
285,600337,9,8
286,600338,3,2
287,600339,0,0
288,600340,3,5
289,600343,1,3
290,600345,1,1
291,600346,5,5
292,600348,4,5
293,600349,0,0
294,600350,4,2
295,600351,1,2
296,600353,1,1
297,600354,0,0
298,600355,1,2
299,600356,1,0
300,600357,0,3
301,600358,3,6
302,600359,3,2
303,600360,1,2
304,600361,1,0
305,600362,0,0
306,600363,0,1
307,600365,1,1
308,600367,4,3
309,600368,2,2
310,600369,3,1
311,600371,0,0
312,600372,2,5
313,600373,2,3
314,600375,0,0
315,600376,5,7
316,600377,2,2
317,600378,2,2
318,600379,2,3
319,600380,2,0
320,600381,0,3
321,600382,2,1
322,600383,1,0
323,600385,0,2
324,600387,7,6
325,600388,6,3
326,600389,1,2
327,600390,3,6
328,600391,2,6
329,600392,1,3
330,600393,3,5
331,600395,0,0
332,600396,0,0
333,600397,3,1
334,600398,1,1
335,600399,1,4
336,600400,5,2
337,600401,7,1
338,600405,1,2
339,600406,2,3
340,600408,1,3
341,600409,1,5
342,600410,1,8
343,600415,0,0
344,600416,1,1
345,600418,3,3
346,600419,1,3
347,600420,4,1
348,600421,0,0
349,600422,6,8
350,600423,1,1
351,600425,3,2
352,600426,1,1
353,600428,3,1
354,600429,2,1
355,600432,0,0
356,600433,1,3
357,600435,2,1
358,600436,1,4
359,600438,3,5
360,600439,0,0
361,600444,2,2
362,600446,8,1
363,600448,0,0
364,600449,3,2
365,600452,2,2
366,600455,1,1
367,600456,2,1
368,600458,1,2
369,600459,2,2
370,600460,3,1
371,600461,5,2
372,600462,2,5
373,600463,4,9
374,600466,1,0
375,600467,0,2
376,600468,2,3
377,600469,2,1
378,600472,0,0
379,600475,1,3
380,600476,1,2
381,600477,2,3
382,600478,2,4
383,600479,2,3
384,600480,5,3
385,600481,1,3
386,600482,4,1
387,600483,1,2
388,600485,8,0
389,600486,0,3
390,600487,6,6
391,600488,3,0
392,600489,0,4
393,600490,5,3
394,600491,3,1
395,600495,3,1
396,600496,4,5
397,600497,2,4
398,600498,2,3
399,600499,2,4
400,600500,3,4
401,600501,1,3
402,600502,3,4
403,600503,1,2
404,600505,0,0
405,600506,2,3
406,600507,5,6
407,600508,2,1
408,600509,4,4
409,600510,3,1
410,600511,4,3
411,600512,3,1
412,600513,2,2
413,600515,8,7
414,600516,6,9
415,600517,1,2
416,600518,1,1
417,600519,3,1
418,600520,1,2
419,600521,2,1
420,600522,1,1
421,600523,1,4
422,600525,3,6
423,600526,3,1
424,600528,0,0
425,600529,0,0
426,600530,1,3
427,600531,2,1
428,600532,2,1
429,600533,1,3
430,600535,2,5
431,600536,3,3
432,600537,1,0
433,600538,0,3
434,600539,2,4
435,600540,1,1
436,600543,1,3
437,600545,6,7
438,600546,7,2
439,600547,5,3
440,600548,1,3
441,600549,1,2
442,600550,4,4
443,600551,1,5
444,600552,4,0
445,600553,0,5
446,600555,2,0
447,600556,0,2
448,600557,2,2
449,600558,1,0
450,600559,0,1
451,600561,3,3
452,600562,1,1
453,600563,0,0
454,600565,6,5
455,600566,1,3
456,600567,4,4
457,600568,2,3
458,600569,2,2
459,600570,1,3
460,600571,2,1
461,600572,1,0
462,600573,0,0
463,600575,0,4
464,600576,4,4
465,600577,5,4
466,600578,2,2
467,600579,1,3
468,600580,5,3
469,600581,4,2
470,600582,1,1
471,600583,2,4
472,600584,4,0
473,600585,0,2
474,600587,4,6
475,600588,4,3
476,600589,3,2
477,600590,3,4
478,600591,0,0
479,600592,1,1
480,600593,4,1
481,600594,0,0
482,600595,1,2
483,600596,1,2
484,600597,3,2
485,600598,2,1
486,600599,4,3
487,600600,0,0
488,600601,4,1
489,600602,0,0
490,600603,3,3
491,600604,2,2
492,600605,0,0
493,600606,2,2
494,600607,0,0
495,600608,0,0
496,600609,4,4
497,600610,5,4
498,600611,2,2
499,600613,0,0
500,600614,1,3
501,600615,0,0
502,600616,1,1
503,600617,1,1
504,600618,0,0
505,600619,2,1
506,600620,1,2
507,600621,0,0
508,600622,2,3
509,600623,1,2
510,600624,1,2
511,600625,0,0
512,600626,1,1
513,600627,0,0
514,600628,1,2
515,600629,2,1
516,600630,1,0
517,600631,0,0
518,600632,0,2
519,600633,2,2
520,600634,2,0
521,600635,0,4
522,600636,1,0
523,600637,0,1
524,600638,1,1
525,600639,1,0
526,600640,0,1
527,600642,0,0
528,600643,2,2
529,600644,0,0
530,600645,8,4
531,600646,0,0
532,600647,1,2
533,600648,0,0
534,600649,0,0
535,600650,1,0
536,600651,0,0
537,600652,0,3
538,600653,3,2
539,600654,6,0
540,600655,0,0
541,600656,0,0
542,600657,0,2
543,600658,3,0
544,600659,0,2
545,600661,1,2
546,600662,1,0
547,600663,0,2
548,600664,3,3
549,600665,2,3
550,600666,9,2
551,600667,1,0
552,600668,0,0
553,600669,0,0
554,600670,0,4
555,600671,2,0
556,600672,0,2
557,600673,4,3
558,600674,2,1
559,600675,1,0
560,600676,0,4
561,600677,2,2
562,600678,5,1
563,600679,1,2
564,600680,3,3
565,600681,2,5
566,600682,2,4
567,600683,3,3
568,600684,2,2
569,600685,2,3
570,600686,3,1
571,600687,2,1
572,600688,1,1
573,600689,1,2
574,600690,1,6
575,600691,4,1
576,600692,1,4
577,600693,3,4
578,600694,2,1
579,600695,2,1
580,600696,2,0
581,600697,0,3
582,600698,1,1
583,600699,3,0
584,600700,0,2
585,600701,4,5
586,600702,4,1
587,600703,2,2
588,600705,4,3
589,600706,1,1
590,600707,3,4
591,600708,3,4
592,600709,0,0
593,600710,5,3
594,600711,5,7
595,600712,3,3
596,600713,2,3
597,600714,2,3
598,600715,2,1
599,600716,1,1
600,600717,1,2
601,600718,2,3
602,600719,1,2
603,600720,1,2
604,600721,2,3
605,600722,3,2
606,600723,1,1
607,600725,2,4
608,600726,0,0
609,600727,2,1
610,600728,6,8
611,600729,3,2
612,600730,1,5
613,600731,0,0
614,600732,1,1
615,600733,8,2
616,600734,4,8
617,600735,0,0
618,600736,3,6
619,600737,3,4
620,600738,6,4
621,600739,4,2
622,600740,2,3
623,600741,1,2
624,600742,3,2
625,600743,1,2
626,600744,2,4
627,600745,3,0
628,600746,0,4
629,600747,4,1
630,600748,2,2
631,600749,1,1
632,600750,2,3
633,600751,7,0
634,600752,0,1
635,600753,3,1
636,600754,2,4
637,600755,3,2
638,600757,2,1
639,600758,3,2
640,600759,4,8
641,600760,1,6
642,600761,2,1
643,600762,0,0
644,600763,2,6
645,600764,3,3
646,600765,2,4
647,600766,1,1
648,600767,5,3
649,600768,2,1
650,600769,1,1
651,600770,0,0
652,600771,1,1
653,600772,0,0
654,600773,3,3
655,600774,0,0
656,600775,1,1
657,600776,2,1
658,600777,6,9
659,600778,1,6
660,600779,1,3
661,600780,1,1
662,600781,2,1
663,600782,1,4
664,600783,5,2
665,600784,5,4
666,600785,2,1
667,600786,0,0
668,600787,6,4
669,600788,0,0
670,600789,1,3
671,600790,2,2
672,600791,4,5
673,600792,2,6
674,600793,2,4
675,600794,4,2
676,600795,3,2
677,600796,2,4
678,600797,2,1
679,600799,0,0
680,600800,4,2
681,600801,3,1
682,600802,2,6
683,600803,5,3
684,600804,4,5
685,600805,3,1
686,600806,3,2
687,600807,4,2
688,600808,1,2
689,600810,3,2
690,600811,5,5
691,600812,2,0
692,600813,0,0
693,600814,0,1
694,600815,5,1
695,600816,1,1
696,600817,2,1
697,600819,2,1
698,600820,1,1
699,600821,2,1
700,600822,1,1
701,600823,3,1
702,600824,0,0
703,600825,1,1
704,600826,0,0
705,600827,0,0
706,600828,9,9
707,600829,2,3
708,600830,1,1
709,600831,1,0
710,600832,0,1
711,600833,1,1
712,600835,0,0
713,600836,1,1
714,600837,2,1
715,600838,1,1
716,600839,2,0
717,600840,0,2
718,600842,0,0
719,600843,1,0
720,600844,0,2
721,600845,4,0
722,600846,0,2
723,600847,5,3
724,600848,1,0
725,600849,0,2
726,600850,2,0
727,600851,0,0
728,600852,0,3
729,600853,3,0
730,600854,0,4
731,600855,5,4
732,600856,6,3
733,600858,1,3
734,600859,2,2
735,600860,1,1
736,600861,0,0
737,600862,1,1
738,600863,4,2
739,600864,1,4
740,600865,3,2
741,600866,2,1
742,600867,2,1
743,600868,0,0
744,600869,3,2
745,600870,3,8
746,600871,2,1
747,600872,3,1
748,600873,4,1
749,600874,2,1
750,600875,2,2
751,600876,4,7
752,600877,3,0
753,600878,0,0
754,600879,0,2
755,600880,2,3
756,600881,4,3
757,600882,2,0
758,600883,0,5
759,600884,5,1
760,600885,1,6
761,600886,5,0
762,600887,0,6
763,600888,3,1
764,600889,3,2
765,600890,5,2
766,600891,2,2
767,600892,3,7
768,600893,4,1
769,600894,1,0
770,600895,0,3
771,600897,1,1
772,600898,2,2
773,600899,0,0
774,600900,2,2
775,600901,2,1
776,600908,2,2
777,600909,1,2
778,600917,1,1
779,600919,1,0
780,600926,0,0
781,600928,0,2
782,600933,4,2
783,600939,3,2
784,600958,1,2
785,600959,3,3
786,600960,2,4
787,600961,1,2
788,600962,3,1
789,600963,3,0
790,600965,0,7
791,600966,7,2
792,600967,1,2
793,600969,2,2
794,600970,4,3
795,600971,2,3
796,600973,3,2
797,600975,3,1
798,600976,1,0
799,600977,0,2
800,600978,1,3
801,600979,1,1
802,600980,1,3
803,600981,2,3
804,600982,2,2
805,600983,2,7
806,600984,4,3
807,600985,3,7
808,600986,6,1
809,600988,2,1
810,600990,1,2
811,600991,0,0
812,600992,1,1
813,600993,0,0
814,600995,1,1
815,600996,2,1
816,600997,1,3
817,600998,3,3
818,600999,0,0
819,601000,1,1
820,601001,0,0
821,601002,1,1
822,601003,2,1
823,601005,2,1
824,601007,0,0
825,601008,3,2
826,601009,1,2
827,601010,0,0
828,601011,3,7
829,601012,4,5
830,601015,3,2
831,601016,3,1
832,601018,0,0
833,601019,3,2
834,601021,1,2
835,601028,3,2
836,601038,2,2
837,601058,5,1
838,601066,2,2
839,601069,2,2
840,601086,0,0
841,601088,1,0
842,601098,0,1
843,601099,2,0
844,601100,0,1
845,601101,2,1
846,601106,1,2
847,601107,4,1
848,601111,2,3
849,601113,2,2
850,601116,1,1
851,601117,3,2
852,601118,4,6
853,601126,2,5
854,601127,6,2
855,601137,2,3
856,601139,1,1
857,601155,6,2
858,601158,0,0
859,601162,0,0
860,601163,0,0
861,601166,0,0
862,601168,2,6
863,601169,1,1
864,601177,1,2
865,601179,2,1
866,601186,2,0
867,601188,0,1
868,601198,2,2
869,601200,0,0
870,601206,0,0
871,601208,1,1
872,601211,0,0
873,601212,4,1
874,601216,2,1
875,601218,1,2
876,601222,7,4
877,601225,2,1
878,601226,1,2
879,601228,4,0
880,601229,0,1
881,601233,2,4
882,601238,1,2
883,601258,5,0
884,601268,0,2
885,601288,1,0
886,601298,0,0
887,601299,0,4
888,601311,3,3
889,601313,3,2
890,601319,4,1
891,601326,1,0
892,601328,0,2
893,601333,0,0
894,601336,1,2
895,601339,0,0
896,601360,3,3
897,601366,2,3
898,601368,3,1
899,601369,2,2
900,601375,1,1
901,601377,1,2
902,601388,3,1
903,601398,1,1
904,601500,4,2
905,601515,1,1
906,601518,1,5
907,601519,0,0
908,601555,2,1
909,601558,6,2
910,601566,1,1
911,601567,1,0
912,601577,0,0
913,601579,0,1
914,601588,1,2
915,601595,2,0
916,601598,0,0
917,601599,0,2
918,601600,2,0
919,601601,0,3
920,601607,0,0
921,601608,2,2
922,601611,4,2
923,601615,0,0
924,601616,0,0
925,601618,0,0
926,601619,4,2
927,601628,1,1
928,601633,0,0
929,601636,3,3
930,601666,5,5
931,601668,3,2
932,601669,2,3
933,601677,2,2
934,601688,1,1
935,601689,0,0
936,601699,0,0
937,601700,1,1
938,601717,2,3
939,601718,1,4
940,601727,3,2
941,601766,0,0
942,601777,3,6
943,601788,2,5
944,601789,2,3
945,601798,4,1
946,601799,2,2
947,601800,1,2
948,601801,0,0
949,601808,0,0
950,601811,0,0
951,601818,2,2
952,601828,2,1
953,601857,0,0
954,601858,2,0
955,601860,0,0
956,601865,0,2
957,601866,4,1
958,601872,2,5
959,601877,2,1
960,601878,0,0
961,601880,1,1
962,601881,2,1
963,601882,1,3
964,601888,1,4
965,601890,0,0
966,601898,1,1
967,601899,0,0
968,601900,2,2
969,601901,3,2
970,601908,2,2
971,601918,2,4
972,601919,3,1
973,601929,1,1
974,601933,2,2
975,601939,0,0
976,601949,2,2
977,601952,3,2
978,601958,4,2
979,601965,2,4
980,601966,2,2
981,601968,1,5
982,601969,2,0
983,601975,0,3
984,601985,2,1
985,601989,1,5
986,601990,3,2
987,601991,3,2
988,601992,2,3
989,601996,5,1
990,601997,2,2
991,601998,2,1
992,601999,2,2
993,603000,1,1
994,603002,0,0
995,603003,2,2
996,603005,2,2
997,603006,1,1
998,603007,3,4
999,603008,1,3
1000,603009,4,3
1001,603010,4,2
1002,603011,3,1
1003,603012,0,0
1004,603013,2,2
1005,603015,2,2
1006,603016,3,2
1007,603017,2,1
1008,603018,2,0
1009,603019,0,0
1010,603020,0,1
1011,603021,1,0
1012,603022,0,0
1013,603023,0,1
1014,603025,2,1
1015,603026,1,2
1016,603027,2,0
1017,603028,0,2
1018,603029,2,2
1019,603030,2,1
1020,603032,4,1
1021,603033,2,2
1022,603035,4,3
1023,603036,0,0
1024,603037,1,1
1025,603038,1,3
1026,603039,1,4
1027,603040,2,2
1028,603041,2,3
1029,603042,4,1
1030,603043,1,3
1031,603050,2,1
1032,603055,0,0
1033,603056,3,4
1034,603058,2,2
1035,603060,1,1
1036,603063,4,1
1037,603066,3,3
1038,603067,0,0
1039,603069,2,2
1040,603076,7,1
1041,603077,3,4
1042,603078,3,1
1043,603080,2,3
1044,603081,2,1
1045,603085,3,3
1046,603086,2,3
1047,603088,1,2
1048,603089,2,1
1049,603090,1,1
1050,603096,7,2
1051,603098,3,2
1052,603099,2,1
1053,603100,2,5
1054,603101,4,1
1055,603103,4,4
1056,603106,2,2
1057,603108,4,3
1058,603110,3,0
1059,603111,0,4
1060,603113,3,3
1061,603116,2,3
1062,603117,1,1
1063,603118,2,0
1064,603121,0,0
1065,603123,0,3
1066,603126,2,3
1067,603127,1,2
1068,603128,1,2
1069,603129,1,2
1070,603131,1,1
1071,603133,3,0
1072,603136,0,1
1073,603138,4,0
1074,603139,0,0
1075,603156,0,4
1076,603157,4,3
1077,603158,1,2
1078,603159,1,3
1079,603160,1,2
1080,603165,3,2
1081,603166,1,3
1082,603167,4,3
1083,603168,1,2
1084,603169,2,3
1085,603177,1,0
1086,603178,0,0
1087,603179,5,4
1088,603180,1,3
1089,603181,2,1
1090,603183,2,2
1091,603185,0,0
1092,603186,4,1
1093,603187,3,4
1094,603188,2,2
1095,603189,1,0
1096,603192,0,1
1097,603196,3,0
1098,603197,0,0
1099,603198,0,1
1100,603199,2,1
1101,603200,2,3
1102,603203,3,3
1103,603208,3,0
1104,603214,0,1
1105,603218,2,0
1106,603220,0,5
1107,603223,1,1
1108,603225,3,3
1109,603226,1,3
1110,603227,2,1
1111,603228,2,4
1112,603229,1,2
1113,603232,0,0
1114,603233,5,2
1115,603238,2,4
1116,603239,2,2
1117,603258,4,2
1118,603260,4,1
1119,603268,3,3
1120,603269,3,3
1121,603277,3,4
1122,603278,3,6
1123,603286,0,0
1124,603288,0,0
1125,603289,3,3
1126,603297,2,2
1127,603298,1,3
1128,603299,2,3
1129,603300,1,4
1130,603302,0,0
1131,603303,0,0
1132,603305,2,3
1133,603306,2,1
1134,603308,4,1
1135,603309,2,1
1136,603311,3,0
1137,603313,0,1
1138,603315,2,1
1139,603316,3,6
1140,603318,4,2
1141,603319,1,1
1142,603321,0,0
1143,603322,7,2
1144,603323,2,1
1145,603326,2,8
1146,603328,2,1
1147,603329,1,1
1148,603330,1,2
1149,603331,1,0
1150,603332,0,4
1151,603333,3,4
1152,603335,3,1
1153,603336,1,4
1154,603337,8,3
1155,603338,2,3
1156,603339,2,0
1157,603345,0,4
1158,603351,0,0
1159,603355,1,1
1160,603356,2,1
1161,603358,1,1
1162,603359,4,2
1163,603360,2,3
1164,603363,8,4
1165,603365,0,0
1166,603366,2,3
1167,603367,0,0
1168,603368,1,3
1169,603369,0,0
1170,603377,8,2
1171,603378,3,2
1172,603380,1,3
1173,603383,4,3
1174,603385,1,3
1175,603386,5,2
1176,603387,3,2
1177,603388,3,1
1178,603393,2,1
1179,603396,1,2
1180,603398,3,1
1181,603399,9,6
1182,603416,2,4
1183,603421,1,2
1184,603429,3,4
1185,603444,1,1
1186,603456,3,2
1187,603458,2,2
1188,603466,3,2
1189,603477,1,0
1190,603486,0,2
1191,603488,2,2
1192,603496,3,3
1193,603500,2,5
1194,603501,2,1
1195,603506,1,4
1196,603507,4,5
1197,603508,4,1
1198,603515,1,4
1199,603517,3,2
1200,603518,4,5
1201,603519,2,4
1202,603520,2,1
1203,603527,2,1
1204,603528,2,2
1205,603533,4,0
1206,603535,0,1
1207,603536,4,2
1208,603538,1,4
1209,603555,3,1
1210,603556,3,6
1211,603557,2,4
1212,603558,1,2
1213,603559,1,3
1214,603567,1,1
1215,603568,1,3
1216,603569,4,3
1217,603577,2,2
1218,603578,3,3
1219,603579,1,3
1220,603580,1,2
1221,603583,2,3
1222,603585,3,3
1223,603586,2,2
1224,603588,3,3
1225,603589,0,0
1226,603590,3,2
1227,603595,2,2
1228,603598,3,3
1229,603599,2,3
1230,603600,1,5
1231,603601,2,4
1232,603602,3,3
1233,603603,7,6
1234,603605,2,5
1235,603606,4,1
1236,603607,1,2
1237,603608,2,3
1238,603609,2,2
1239,603611,3,5
1240,603612,2,1
1241,603615,1,3
1242,603616,1,2
1243,603617,1,2
1244,603618,2,2
1245,603619,2,2
1246,603626,3,7
1247,603628,1,0
1248,603629,0,3
1249,603630,5,1
1250,603633,1,3
1251,603636,1,1
1252,603637,1,1
1253,603639,3,1
1254,603648,0,0
1255,603650,1,2
1256,603656,1,1
1257,603657,1,2
1258,603658,2,3
1259,603659,4,3
1260,603660,1,4
1261,603661,3,1
1262,603663,1,2
1263,603665,3,5
1264,603667,1,4
1265,603668,3,0
1266,603669,0,3
1267,603676,2,2
1268,603677,3,1
1269,603678,1,1
1270,603679,3,3
1271,603683,0,0
1272,603685,4,1
1273,603686,2,3
1274,603688,1,2
1275,603690,2,3
1276,603693,3,3
1277,603696,1,1
1278,603698,1,2
1279,603699,1,0
1280,603700,0,1
1281,603701,2,1
1282,603703,1,2
1283,603707,1,2
1284,603708,0,0
1285,603709,2,3
1286,603712,1,5
1287,603716,6,1
1288,603717,2,2
1289,603718,1,4
1290,603721,3,3
1291,603722,3,0
1292,603725,0,2
1293,603726,1,6
1294,603727,5,3
1295,603728,1,2
1296,603729,2,4
1297,603730,3,2
1298,603737,3,2
1299,603738,0,0
1300,603739,0,0
1301,603757,1,2
1302,603758,1,2
1303,603766,4,1
1304,603767,0,0
1305,603768,1,3
1306,603773,0,0
1307,603776,2,4
1308,603777,3,3
1309,603778,2,3
1310,603779,1,5
1311,603787,2,4
1312,603788,3,3
1313,603789,2,4
1314,603790,1,1
1315,603797,5,0
1316,603798,0,4
1317,603799,1,4
1318,603800,1,3
1319,603801,1,3
1320,603803,2,3
1321,603808,3,5
1322,603809,3,2
1323,603811,1,2
1324,603813,3,3
1325,603816,6,3
1326,603817,3,3
1327,603818,7,2
1328,603819,3,2
1329,603822,5,5
1330,603823,1,2
1331,603825,2,4
1332,603826,1,3
1333,603828,2,1
1334,603829,1,3
1335,603833,3,2
1336,603838,1,2
1337,603839,3,3
1338,603843,4,1
1339,603855,1,1
1340,603856,2,1
1341,603858,1,3
1342,603859,1,1
1343,603860,5,1
1344,603861,1,2
1345,603866,2,1
1346,603868,1,3
1347,603869,3,3
1348,603876,3,5
1349,603877,4,3
1350,603878,1,2
1351,603879,3,2
1352,603881,2,3
1353,603882,0,0
1354,603883,2,1
1355,603885,4,1
1356,603886,0,0
1357,603887,2,1
1358,603888,0,0
1359,603889,0,0
1360,603890,3,0
1361,603895,0,3
1362,603897,2,5
1363,603898,3,0
1364,603899,0,2
1365,603900,2,5
1366,603901,4,3
1367,603903,5,4
1368,603908,2,3
1369,603909,3,2
1370,603912,3,2
1371,603917,1,2
1372,603918,1,3
1373,603919,2,1
1374,603920,1,1
1375,603922,3,3
1376,603926,2,2
1377,603928,2,2
1378,603929,1,3
1379,603933,3,6
1380,603936,2,2
1381,603937,3,4
1382,603938,2,2
1383,603939,3,1
1384,603955,2,2
1385,603956,0,0
1386,603958,1,1
1387,603959,3,6
1388,603960,2,3
1389,603963,1,3
1390,603966,4,2
1391,603968,0,0
1392,603969,2,2
1393,603970,1,0
1394,603976,0,2
1395,603977,1,2
1396,603978,1,2
1397,603979,3,3
1398,603980,2,1
1399,603985,2,3
1400,603986,3,4
1401,603987,2,2
1402,603988,1,4
1403,603989,2,0
1404,603990,0,0
1405,603991,0,1
1406,603993,1,1
1407,603996,1,3
1408,603997,4,2
1409,603998,4,2
1410,603999,2,1
1411,000001,2,1
1412,000003,0,0
1413,000004,2,1
1414,000005,1,2
1415,000006,4,6
1416,000007,1,8
1417,000008,4,2
1418,000009,1,7
1419,000010,7,0
1420,000011,0,3
1421,000012,5,0
1422,000013,0,1
1423,000014,2,0
1424,000015,0,4
1425,000016,4,1
1426,000017,2,4
1427,000018,2,3
1428,000019,2,3
1429,000020,3,0
1430,000021,0,3
1431,000022,1,3
1432,000023,1,0
1433,000024,0,3
1434,000025,3,2
1435,000026,4,5
1436,000027,8,3
1437,000028,4,2
1438,000029,1,3
1439,000030,5,0
1440,000031,0,5
1441,000032,2,0
1442,000033,0,5
1443,000034,3,2
1444,000035,4,0
1445,000036,0,0
1446,000037,0,4
1447,000038,6,3
1448,000039,2,9
1449,000040,9,6
1450,000042,4,4
1451,000043,4,3
1452,000045,3,8
1453,000046,7,0
1454,000047,0,9
1455,000048,1,1
1456,000049,2,4
1457,000050,3,1
1458,000056,2,2
1459,000058,6,5
1460,000059,8,3
1461,000060,3,2
1462,000061,6,6
1463,000062,2,2
1464,000063,1,4
1465,000065,3,7
1466,000066,5,1
1467,000068,2,1
1468,000069,1,2
1469,000070,1,4
1470,000078,5,1
1471,000088,2,2
1472,000089,3,2
1473,000090,3,1
1474,000099,2,3
1475,000100,5,4
1476,000150,1,6
1477,000151,2,1
1478,000153,1,3
1479,000155,4,6
1480,000156,3,1
1481,000157,0,0
1482,000158,4,3
1483,000159,2,3
1484,000166,2,3
1485,000301,3,3
1486,000333,3,1
1487,000338,2,3
1488,000400,1,2
1489,000401,4,3
1490,000402,3,4
1491,000403,4,5
1492,000404,6,0
1493,000405,0,0
1494,000406,0,2
1495,000407,2,2
1496,000408,4,8
1497,000409,3,5
1498,000410,7,2
1499,000411,1,0
1500,000412,0,9
1501,000413,8,2
1502,000415,5,0
1503,000416,0,2
1504,000417,3,2
1505,000419,0,0
1506,000420,3,3
1507,000421,0,0
1508,000422,1,9
1509,000423,0,0
1510,000425,2,3
1511,000426,4,3
1512,000428,6,7
1513,000429,1,3
1514,000430,2,4
1515,000488,6,4
1516,000498,3,5
1517,000501,0,0
1518,000502,4,1
1519,000503,2,4
1520,000504,2,5
1521,000505,5,4
1522,000506,3,2
1523,000507,4,3
1524,000508,0,0
1525,000509,3,5
1526,000510,1,2
1527,000511,1,5
1528,000513,3,1
1529,000514,2,2
1530,000515,0,0
1531,000516,4,1
1532,000517,9,5
1533,000518,2,2
1534,000519,3,1
1535,000520,3,4
1536,000521,2,0
1537,000522,0,1
1538,000523,1,3
1539,000524,3,2
1540,000526,5,3
1541,000527,0,0
1542,000528,2,2
1543,000529,2,2
1544,000530,0,0
1545,000531,3,2
1546,000532,3,4
1547,000533,2,4
1548,000534,6,5
1549,000535,0,0
1550,000536,2,4
1551,000537,5,3
1552,000538,1,4
1553,000539,1,6
1554,000540,6,1
1555,000541,1,0
1556,000542,0,3
1557,000544,1,2
1558,000545,2,2
1559,000546,4,7
1560,000547,4,0
1561,000548,0,0
1562,000549,0,2
1563,000550,2,2
1564,000552,1,1
1565,000553,3,5
1566,000554,1,2
1567,000555,2,0
1568,000556,0,0
1569,000557,0,2
1570,000558,3,1
1571,000559,2,5
1572,000560,1,1
1573,000561,1,0
1574,000562,0,4
1575,000563,3,5
1576,000564,4,2
1577,000565,2,3
1578,000566,2,4
1579,000567,4,0
1580,000568,0,0
1581,000569,0,1
1582,000570,1,5
1583,000571,4,1
1584,000572,1,1
1585,000573,1,3
1586,000576,5,0
1587,000578,0,0
1588,000581,0,0
1589,000582,0,0
1590,000583,0,4
1591,000584,4,4
1592,000585,2,2
1593,000586,1,3
1594,000587,2,0
1595,000588,0,2
1596,000589,3,0
1597,000590,0,4
1598,000591,2,3
1599,000592,3,1
1600,000593,4,0
1601,000594,0,3
1602,000596,1,5
1603,000597,2,2
1604,000598,3,3
1605,000599,2,3
1606,000600,4,3
1607,000601,2,0
1608,000602,0,4
1609,000603,3,5
1610,000605,4,5
1611,000606,3,2
1612,000607,3,0
1613,000608,0,3
1614,000609,3,4
1615,000610,2,4
1616,000611,2,3
1617,000612,1,0
1618,000613,0,1
1619,000615,1,3
1620,000616,4,2
1621,000617,6,0
1622,000618,0,0
1623,000619,0,1
1624,000620,6,0
1625,000621,0,1
1626,000622,3,1
1627,000623,2,1
1628,000625,2,4
1629,000626,8,3
1630,000627,2,0
1631,000628,0,1
1632,000629,1,1
1633,000630,2,1
1634,000632,5,5
1635,000633,2,2
1636,000635,2,1
1637,000636,3,3
1638,000638,3,4
1639,000639,0,0
1640,000650,0,0
1641,000651,0,0
1642,000652,4,2
1643,000653,0,0
1644,000655,0,0
1645,000656,2,2
1646,000657,2,1
1647,000658,0,0
1648,000659,2,5
1649,000660,0,0
1650,000661,3,1
1651,000662,4,4
1652,000663,1,1
1653,000665,1,3
1654,000666,2,2
1655,000667,5,4
1656,000668,2,3
1657,000669,4,4
1658,000670,2,2
1659,000671,5,6
1660,000672,7,6
1661,000673,4,5
1662,000675,0,0
1663,000676,5,2
1664,000677,1,1
1665,000678,0,0
1666,000679,1,3
1667,000680,3,3
1668,000681,3,5
1669,000682,2,4
1670,000683,7,7
1671,000685,2,2
1672,000686,1,3
1673,000687,2,4
1674,000688,2,3
1675,000689,0,0
1676,000690,1,2
1677,000691,1,3
1678,000692,4,2
1679,000693,4,4
1680,000695,3,2
1681,000697,3,2
1682,000698,2,3
1683,000699,0,0
1684,000700,3,3
1685,000701,8,6
1686,000702,2,7
1687,000703,8,0
1688,000705,0,9
1689,000707,1,1
1690,000708,1,3
1691,000709,1,2
1692,000710,2,7
1693,000711,8,2
1694,000712,4,2
1695,000713,1,1
1696,000715,3,4
1697,000716,3,4
1698,000717,4,1
1699,000718,2,0
1700,000719,0,4
1701,000720,2,1
1702,000721,1,0
1703,000722,0,3
1704,000725,1,3
1705,000726,3,7
1706,000727,6,2
1707,000728,3,0
1708,000729,0,0
1709,000730,0,0
1710,000731,0,2
1711,000732,7,3
1712,000733,5,1
1713,000735,2,1
1714,000736,3,2
1715,000738,1,3
1716,000739,0,0
1717,000748,0,0
1718,000750,3,3
1719,000751,1,1
1720,000752,3,3
1721,000753,3,3
1722,000755,7,2
1723,000756,1,1
1724,000757,3,4
1725,000758,1,3
1726,000759,1,2
1727,000760,3,0
1728,000761,0,0
1729,000762,0,0
1730,000763,0,0
1731,000765,0,3
1732,000766,1,6
1733,000767,8,2
1734,000768,4,0
1735,000769,0,1
1736,000776,1,3
1737,000777,4,2
1738,000778,2,3
1739,000779,3,1
1740,000780,1,1
1741,000782,2,2
1742,000783,3,1
1743,000785,1,1
1744,000786,1,0
1745,000787,0,1
1746,000788,3,4
1747,000789,1,0
1748,000790,0,3
1749,000791,2,4
1750,000792,2,4
1751,000793,4,1
1752,000795,1,8
1753,000796,5,3
1754,000797,4,1
1755,000798,3,1
1756,000799,1,2
1757,000800,1,1
1758,000801,1,3
1759,000802,1,2
1760,000803,3,0
1761,000805,0,0
1762,000806,0,3
1763,000807,4,1
1764,000809,1,3
1765,000810,1,1
1766,000812,4,1
1767,000813,3,2
1768,000815,3,1
1769,000816,4,1
1770,000817,0,0
1771,000818,3,7
1772,000819,0,0
1773,000820,3,5
1774,000821,2,2
1775,000822,1,2
1776,000823,1,2
1777,000825,2,3
1778,000826,3,0
1779,000827,0,2
1780,000828,1,5
1781,000829,4,0
1782,000830,0,3
1783,000831,2,0
1784,000832,0,3
1785,000835,3,3
1786,000836,3,3
1787,000837,2,1
1788,000838,6,5
1789,000839,0,0
1790,000848,2,0
1791,000850,0,7
1792,000851,5,0
1793,000852,0,3
1794,000856,2,1
1795,000859,0,0
1796,000860,1,4
1797,000861,4,3
1798,000862,4,4
1799,000863,2,0
1800,000866,0,7
1801,000868,4,1
1802,000875,5,9
1803,000876,1,4
1804,000877,3,8
1805,000878,2,1
1806,000880,2,5
1807,000881,6,3
1808,000882,3,0
1809,000883,0,2
1810,000885,3,1
1811,000886,1,3
1812,000887,2,1
1813,000888,3,7
1814,000889,2,5
1815,000890,4,2
1816,000892,3,3
1817,000893,1,2
1818,000897,3,3
1819,000898,3,1
1820,000899,2,3
1821,000900,3,1
1822,000901,3,4
1823,000902,2,4
1824,000903,4,3
1825,000905,4,3
1826,000906,4,3
1827,000908,1,1
1828,000909,1,1
1829,000910,5,2
1830,000911,4,2
1831,000912,2,4
1832,000913,4,2
1833,000915,1,1
1834,000916,0,0
1835,000917,4,4
1836,000918,3,3
1837,000919,2,1
1838,000920,2,1
1839,000921,3,2
1840,000922,4,1
1841,000923,6,4
1842,000925,2,3
1843,000926,2,4
1844,000927,2,2
1845,000928,8,3
1846,000929,1,2
1847,000930,4,2
1848,000931,4,5
1849,000932,3,3
1850,000933,2,1
1851,000935,2,4
1852,000936,0,0
1853,000937,3,3
1854,000938,2,4
1855,000939,1,4
1856,000948,1,1
1857,000949,2,6
1858,000950,3,0
1859,000951,0,3
1860,000952,4,2
1861,000953,3,1
1862,000955,2,0
1863,000956,0,2
1864,000957,1,6
1865,000958,2,2
1866,000959,1,5
1867,000960,2,3
1868,000961,3,3
1869,000962,3,0
1870,000963,0,2
1871,000965,3,3
1872,000966,4,6
1873,000967,5,2
1874,000968,5,3
1875,000970,0,0
1876,000971,4,2
1877,000972,2,4
1878,000973,1,2
1879,000975,3,1
1880,000976,2,3
1881,000977,6,5
1882,000978,1,2
1883,000979,3,1
1884,000980,6,5
1885,000981,7,9
1886,000982,2,3
1887,000983,0,0
1888,000985,0,0
1889,000987,4,4
1890,000988,2,3
1891,000989,3,2
1892,000990,2,3
1893,000991,0,0
1894,000993,3,2
1895,000995,6,5
1896,000996,3,2
1897,000997,2,0
1898,000998,0,4
1899,000999,1,4
1900,002001,3,7
1901,002002,3,0
1902,002003,0,4
1903,002004,2,6
1904,002005,4,1
1905,002006,4,1
1906,002008,2,1
1907,002009,6,1
1908,002010,1,4
1909,002011,4,3
1910,002012,2,3
1911,002013,2,3
1912,002014,2,2
1913,002015,2,4
1914,002016,3,2
1915,002017,2,4
1916,002018,1,4
1917,002019,2,2
1918,002020,3,3
1919,002021,0,0
1920,002022,2,2
1921,002024,7,5
1922,002025,1,1
1923,002026,1,1
1924,002027,1,3
1925,002028,1,1
1926,002029,1,1
1927,002030,6,6
1928,002031,2,3
1929,002032,1,2
1930,002033,0,0
1931,002034,3,2
1932,002035,4,2
1933,002036,6,6
1934,002037,2,2
1935,002038,1,2
1936,002039,1,4
1937,002040,3,0
1938,002041,0,3
1939,002042,2,3
1940,002043,1,6
1941,002044,4,4
1942,002045,3,4
1943,002046,7,0
1944,002047,0,2
1945,002048,2,1
1946,002049,3,2
1947,002050,3,3
1948,002051,1,4
1949,002052,3,4
1950,002053,3,2
1951,002054,3,1
1952,002055,2,1
1953,002057,3,3
1954,002058,0,0
1955,002059,5,3
1956,002060,4,5
1957,002061,5,3
1958,002062,2,3
1959,002063,0,0
1960,002064,0,0
1961,002065,4,3
1962,002066,2,4
1963,002067,2,4
1964,002068,2,4
1965,002069,1,1
1966,002070,2,2
1967,002071,4,6
1968,002072,4,3
1969,002073,4,4
1970,002074,3,2
1971,002075,2,2
1972,002076,3,5
1973,002077,4,5
1974,002078,4,4
1975,002079,0,0
1976,002080,3,3
1977,002081,1,1
1978,002082,1,3
1979,002083,3,3
1980,002084,5,4
1981,002085,7,4
1982,002086,1,4
1983,002087,2,2
1984,002088,0,0
1985,002089,4,4
1986,002090,2,2
1987,002091,4,3
1988,002092,2,3
1989,002093,2,2
1990,002094,2,2
1991,002095,0,0
1992,002096,1,2
1993,002097,5,3
1994,002098,1,3
1995,002099,3,3
1996,002100,7,2
1997,002101,4,5
1998,002102,6,7
1999,002103,4,2
2000,002104,1,3
2001,002105,4,2
2002,002106,0,0
2003,002107,0,0
2004,002108,2,2
2005,002109,1,3
2006,002110,3,4
2007,002111,2,4
2008,002112,2,3
2009,002113,2,7
2010,002114,1,3
2011,002115,6,2
2012,002116,1,2
2013,002117,1,0
2014,002118,0,2
2015,002120,5,4
2016,002121,1,1
2017,002122,8,8
2018,002123,4,4
2019,002124,4,4
2020,002125,4,3
2021,002126,2,2
2022,002127,5,5
2023,002128,5,4
2024,002129,3,4
2025,002130,8,5
2026,002131,3,4
2027,002132,5,5
2028,002133,5,8
2029,002134,1,3
2030,002135,4,3
2031,002136,0,0
2032,002137,2,5
2033,002138,2,4
2034,002139,1,3
2035,002140,1,2
2036,002141,0,0
2037,002142,2,4
2038,002143,3,6
2039,002144,1,4
2040,002145,3,6
2041,002146,9,5
2042,002147,4,1
2043,002148,1,1
2044,002149,2,1
2045,002150,3,7
2046,002151,5,2
2047,002152,1,2
2048,002153,1,2
2049,002154,3,2
2050,002155,1,2
2051,002156,2,9
2052,002157,8,1
2053,002158,1,6
2054,002159,4,3
2055,002161,7,4
2056,002162,3,3
2057,002163,5,2
2058,002164,2,2
2059,002165,3,2
2060,002166,1,4
2061,002167,3,4
2062,002168,5,4
2063,002169,5,3
2064,002170,0,0
2065,002171,5,3
2066,002172,6,2
2067,002173,2,6
2068,002174,3,4
2069,002175,5,4
2070,002176,2,3
2071,002177,2,1
2072,002178,5,5
2073,002179,3,4
2074,002180,4,5
2075,002181,2,3
2076,002182,9,2
2077,002183,2,7
2078,002184,2,2
2079,002185,3,0
2080,002186,0,2
2081,002187,1,4
2082,002188,1,2
2083,002189,2,3
2084,002190,3,3
2085,002191,4,4
2086,002192,4,3
2087,002193,2,5
2088,002194,1,0
2089,002195,0,2
2090,002196,2,4
2091,002197,4,1
2092,002198,1,1
2093,002199,3,1
2094,002200,3,2
2095,002201,4,1
2096,002202,1,6
2097,002203,3,2
2098,002204,2,4
2099,002205,2,4
2100,002206,1,4
2101,002207,4,0
2102,002208,0,3
2103,002209,1,2
2104,002210,4,4
2105,002211,1,3
2106,002212,3,2
2107,002213,2,1
2108,002214,2,5
2109,002215,6,2
2110,002216,4,4
2111,002217,5,3
2112,002218,2,8
2113,002219,8,3
2114,002220,3,6
2115,002221,3,1
2116,002222,1,1
2117,002223,1,3
2118,002224,4,1
2119,002225,1,5
2120,002226,2,1
2121,002227,2,3
2122,002228,2,2
2123,002229,1,1
2124,002230,3,0
2125,002231,0,4
2126,002232,4,2
2127,002233,1,2
2128,002234,1,3
2129,002235,2,5
2130,002236,3,2
2131,002237,3,2
2132,002238,1,2
2133,002239,3,0
2134,002240,0,2
2135,002241,2,1
2136,002242,3,2
2137,002243,3,1
2138,002245,2,2
2139,002246,6,3
2140,002247,4,1
2141,002248,4,2
2142,002249,2,1
2143,002250,3,5
2144,002251,5,5
2145,002252,0,0
2146,002253,0,0
2147,002254,4,3
2148,002255,1,5
2149,002256,4,0
2150,002257,0,3
2151,002258,2,5
2152,002259,4,3
2153,002260,2,2
2154,002261,2,1
2155,002263,1,1
2156,002264,2,5
2157,002265,3,3
2158,002266,2,4
2159,002267,3,4
2160,002268,1,2
2161,002269,0,0
2162,002270,4,2
2163,002271,2,3
2164,002272,2,2
2165,002273,3,3
2166,002274,0,0
2167,002275,1,1
2168,002276,3,2
2169,002277,1,2
2170,002278,1,5
2171,002279,4,4
2172,002280,5,1
2173,002281,1,2
2174,002282,2,1
2175,002284,0,0
2176,002285,5,4
2177,002286,1,3
2178,002287,3,3
2179,002288,0,0
2180,002289,3,7
2181,002290,3,5
2182,002291,5,4
2183,002292,4,2
2184,002293,2,4
2185,002294,1,2
2186,002295,2,1
2187,002296,2,2
2188,002297,1,4
2189,002298,2,3
2190,002299,3,1
2191,002300,2,4
2192,002301,4,5
2193,002302,5,2
2194,002303,2,1
2195,002305,5,8
2196,002306,3,7
2197,002307,8,1
2198,002308,3,8
2199,002309,6,3
2200,002310,3,1
2201,002311,3,4
2202,002312,7,6
2203,002313,1,6
2204,002314,2,0
2205,002315,0,3
2206,002316,6,2
2207,002317,3,2
2208,002318,6,0
2209,002319,0,2
2210,002320,3,6
2211,002321,3,3
2212,002323,3,1
2213,002324,0,0
2214,002325,4,2
2215,002326,4,2
2216,002327,1,3
2217,002328,2,1
2218,002329,4,2
2219,002330,1,1
2220,002331,3,2
2221,002332,0,0
2222,002333,2,1
2223,002334,5,2
2224,002335,4,6
2225,002336,0,0
2226,002337,0,0
2227,002338,1,2
2228,002339,0,0
2229,002340,3,6
2230,002341,5,6
2231,002342,2,2
2232,002343,2,3
2233,002344,2,2
2234,002345,1,0
2235,002346,0,4
2236,002347,4,3
2237,002348,1,3
2238,002349,2,7
2239,002350,1,0
2240,002351,0,3
2241,002352,4,3
2242,002353,3,5
2243,002354,6,1
2244,002355,3,5
2245,002356,9,2
2246,002357,1,6
2247,002358,2,5
2248,002359,9,2
2249,002361,0,0
2250,002362,1,1
2251,002363,0,0
2252,002364,2,1
2253,002365,2,4
2254,002366,5,3
2255,002367,5,3
2256,002368,2,7
2257,002369,3,1
2258,002370,3,1
2259,002371,2,1
2260,002373,4,5
2261,002374,1,1
2262,002375,2,0
2263,002376,0,2
2264,002377,4,2
2265,002378,1,0
2266,002379,0,2
2267,002381,1,3
2268,002382,4,4
2269,002383,5,4
2270,002384,8,7
2271,002385,8,7
2272,002386,8,7
2273,002387,1,7
2274,002388,6,4
2275,002389,5,1
2276,002390,2,3
2277,002391,2,1
2278,002392,1,2
2279,002393,1,2
2280,002394,2,1
2281,002395,1,0
2282,002396,0,2
2283,002397,2,2
2284,002399,5,4
2285,002400,0,0
2286,002401,0,0
2287,002402,3,3
2288,002403,4,1
2289,002404,1,3
2290,002405,3,1
2291,002406,1,5
2292,002407,7,3
2293,002408,1,1
2294,002409,3,1
2295,002410,1,7
2296,002411,7,1
2297,002413,5,1
2298,002414,0,0
2299,002415,2,2
2300,002416,4,2
2301,002417,4,5
2302,002418,4,5
2303,002419,3,4
2304,002420,4,2
2305,002421,2,2
2306,002423,3,2
2307,002424,3,1
2308,002425,0,0
2309,002426,4,5
2310,002427,7,5
2311,002428,0,0
2312,002429,6,4
2313,002430,1,4
2314,002431,5,6
2315,002432,3,4
2316,002433,3,2
2317,002434,4,1
2318,002435,2,3
2319,002436,1,1
2320,002437,3,5
2321,002438,2,5
2322,002439,5,3
2323,002440,0,0
2324,002441,2,1
2325,002442,2,3
2326,002443,1,3
2327,002444,2,2
2328,002445,3,1
2329,002446,3,2
2330,002447,1,5
2331,002448,3,4
2332,002449,2,2
2333,002450,3,4
2334,002451,3,4
2335,002452,1,1
2336,002453,5,2
2337,002454,2,5
2338,002455,4,5
2339,002456,6,7
2340,002457,2,1
2341,002458,1,4
2342,002459,5,5
2343,002460,6,2
2344,002461,3,1
2345,002462,2,1
2346,002463,2,3
2347,002464,6,2
2348,002465,2,4
2349,002466,4,4
2350,002467,3,2
2351,002468,3,0
2352,002469,0,6
2353,002470,5,6
2354,002471,5,1
2355,002472,3,5
2356,002473,3,2
2357,002474,2,2
2358,002475,3,2
2359,002476,2,5
2360,002477,3,2
2361,002478,2,4
2362,002479,2,5
2363,002480,4,3
2364,002481,6,2
2365,002482,2,2
2366,002483,1,5
2367,002484,4,3
2368,002485,1,3
2369,002486,5,3
2370,002487,2,6
2371,002488,3,2
2372,002489,1,1
2373,002491,4,3
2374,002492,2,2
2375,002493,3,3
2376,002494,3,3
2377,002495,1,1
2378,002496,1,4
2379,002497,3,2
2380,002498,1,2
2381,002499,3,3
2382,002501,2,3
2383,002502,3,3
2384,002503,5,2
2385,002504,1,6
2386,002505,8,4
2387,002506,6,7
2388,002507,1,1
2389,002508,1,2
2390,002509,2,2
2391,002510,2,2
2392,002511,4,7
2393,002512,2,3
2394,002513,0,0
2395,002514,2,3
2396,002515,1,1
2397,002516,2,3
2398,002517,2,6
2399,002518,4,1
2400,002519,1,2
2401,002520,4,0
2402,002521,0,3
2403,002522,2,1
2404,002523,1,6
2405,002524,2,0
2406,002525,0,3
2407,002526,1,0
2408,002527,0,3
2409,002528,5,4
2410,002529,1,1
2411,002530,4,2
2412,002531,3,3
2413,002532,1,2
2414,002533,1,2
2415,002535,2,2
2416,002536,1,1
2417,002537,3,1
2418,002538,0,0
2419,002539,2,1
2420,002540,4,3
2421,002541,2,3
2422,002542,3,4
2423,002543,2,1
2424,002544,4,1
2425,002545,1,2
2426,002546,0,0
2427,002547,6,1
2428,002548,5,3
2429,002549,1,2
2430,002550,1,2
2431,002551,5,6
2432,002552,2,2
2433,002553,1,3
2434,002554,2,5
2435,002555,6,3
2436,002556,1,3
2437,002557,3,3
2438,002558,4,1
2439,002559,4,2
2440,002560,2,0
2441,002561,0,3
2442,002562,1,3
2443,002564,8,1
2444,002565,5,1
2445,002566,1,2
2446,002567,4,2
2447,002568,3,1
2448,002569,4,4
2449,002570,4,0
2450,002571,0,1
2451,002572,2,2
2452,002573,2,0
2453,002574,0,1
2454,002575,1,0
2455,002576,0,1
2456,002577,2,1
2457,002578,2,5
2458,002579,2,3
2459,002580,1,3
2460,002581,2,2
2461,002582,2,1
2462,002583,3,3
2463,002584,1,0
2464,002585,0,2
2465,002586,6,3
2466,002587,2,1
2467,002588,1,3
2468,002589,4,4
2469,002590,3,3
2470,002591,6,2
2471,002592,2,4
2472,002593,3,2
2473,002594,1,0
2474,002595,0,5
2475,002596,1,3
2476,002597,3,2
2477,002598,2,3
2478,002599,2,8
2479,002600,7,6
2480,002601,6,6
2481,002602,4,2
2482,002603,3,1
2483,002604,3,4
2484,002605,1,0
2485,002606,0,4
2486,002607,2,5
2487,002608,4,4
2488,002609,3,4
2489,002610,8,2
2490,002611,3,2
2491,002612,7,1
2492,002613,1,4
2493,002614,3,2
2494,002615,2,2
2495,002616,4,5
2496,002617,1,0
2497,002618,0,3
2498,002619,5,4
2499,002620,2,3
2500,002621,4,6
2501,002622,4,3
2502,002623,7,6
2503,002624,2,4
2504,002625,8,5
2505,002626,3,4
2506,002627,5,3
2507,002628,2,1
2508,002629,4,3
2509,002630,7,5
2510,002631,4,1
2511,002632,3,1
2512,002633,2,2
2513,002634,1,2
2514,002635,1,1
2515,002637,1,4
2516,002638,5,4
2517,002639,3,2
2518,002640,7,6
2519,002641,0,0
2520,002642,3,4
2521,002643,2,3
2522,002644,3,1
2523,002645,0,0
2524,002646,1,1
2525,002647,6,6
2526,002648,3,2
2527,002649,1,1
2528,002650,3,3
2529,002651,4,1
2530,002652,3,2
2531,002653,1,1
2532,002654,5,5
2533,002655,5,3
2534,002656,3,3
2535,002657,1,2
2536,002658,2,2
2537,002659,7,6
2538,002660,5,6
2539,002661,7,5
2540,002662,6,5
2541,002663,2,3
2542,002664,1,5
2543,002665,3,2
2544,002666,2,1
2545,002667,1,1
2546,002668,5,6
2547,002669,3,3
2548,002670,5,8
2549,002671,0,0
2550,002672,3,1
2551,002673,3,2
2552,002674,2,3
2553,002675,2,3
2554,002676,4,1
2555,002677,1,2
2556,002678,2,0
2557,002679,0,0
2558,002680,0,6
2559,002681,5,2
2560,002682,2,4
2561,002683,2,2
2562,002684,3,2
2563,002685,4,1
2564,002686,1,0
2565,002687,0,2
2566,002688,1,3
2567,002689,1,1
2568,002690,1,3
2569,002691,1,4
2570,002692,4,1
2571,002693,3,2
2572,002694,3,4
2573,002695,2,8
2574,002696,6,1
2575,002697,1,1
2576,002699,5,2
2577,002700,1,1
2578,002701,3,1
2579,002702,0,0
2580,002703,0,0
2581,002705,4,1
2582,002706,2,2
2583,002707,5,7
2584,002708,1,1
2585,002709,4,1
2586,002710,0,0
2587,002711,1,6
2588,002712,3,1
2589,002713,2,4
2590,002714,6,8
2591,002715,3,3
2592,002716,4,2
2593,002717,3,8
2594,002718,2,3
2595,002719,6,0
2596,002720,0,9
2597,002721,3,4
2598,002722,4,2
2599,002723,1,3
2600,002724,5,2
2601,002725,3,1
2602,002726,2,6
2603,002727,3,3
2604,002728,2,3
2605,002729,1,0
2606,002730,0,3
2607,002731,2,1
2608,002732,1,5
2609,002733,5,4
2610,002734,3,2
2611,002735,2,3
2612,002736,3,1
2613,002737,1,2
2614,002738,3,1
2615,002739,1,3
2616,002740,3,1
2617,002741,2,0
2618,002742,0,2
2619,002743,2,7
2620,002745,6,4
2621,002746,1,2
2622,002747,6,1
2623,002749,5,2
2624,002750,2,4
2625,002751,4,2
2626,002752,3,1
2627,002753,2,1
2628,002755,1,2
2629,002756,1,2
2630,002757,1,1
2631,002758,1,0
2632,002759,0,3
2633,002760,2,1
2634,002761,1,2
2635,002762,7,0
2636,002763,0,2
2637,002765,5,3
2638,002766,1,2
2639,002767,3,0
2640,002768,0,4
2641,002769,4,1
2642,002770,3,2
2643,002771,2,6
2644,002772,1,3
2645,002773,2,3
2646,002774,3,1
2647,002775,1,2
2648,002776,1,1
2649,002777,5,0
2650,002778,0,0
2651,002779,0,4
2652,002780,4,7
2653,002781,7,3
2654,002782,1,2
2655,002783,4,1
2656,002785,2,2
2657,002786,1,5
2658,002787,6,1
2659,002788,1,1
2660,002789,1,0
2661,002790,0,0
2662,002791,0,1
2663,002792,3,2
2664,002793,2,2
2665,002795,2,6
2666,002796,2,1
2667,002797,1,5
2668,002798,4,1
2669,002800,4,1
2670,002801,4,3
2671,002802,3,3
2672,002803,5,4
2673,002805,0,0
2674,002806,7,1
2675,002807,2,1
2676,002808,1,1
2677,002809,4,4
2678,002810,0,0
2679,002811,6,2
2680,002812,8,2
2681,002813,3,1
2682,002815,1,1
2683,002816,1,0
2684,002817,0,4
2685,002818,3,4
2686,002819,1,5
2687,002820,3,1
2688,002821,2,3
2689,002822,3,3
2690,002823,5,3
2691,002824,2,1
2692,002825,3,1
2693,002826,1,1
2694,002827,2,1
2695,002828,2,3
2696,002829,5,0
2697,002830,0,3
2698,002831,1,3
2699,002832,2,3
2700,002833,3,2
2701,002835,3,1
2702,002836,3,4
2703,002837,2,1
2704,002838,4,1
2705,002839,2,1
2706,002840,2,3
2707,002841,4,4
2708,002842,4,2
2709,002843,4,5
2710,002845,4,4
2711,002846,4,0
2712,002847,0,4
2713,002848,3,4
2714,002849,2,2
2715,002850,3,1
2716,002851,3,1
2717,002852,3,2
2718,002853,5,3
2719,002855,3,2
2720,002856,4,2
2721,002857,1,3
2722,002858,2,4
2723,002859,4,1
2724,002860,3,2
2725,002862,1,3
2726,002863,4,3
2727,002864,0,0
2728,002865,4,3
2729,002866,4,2
2730,002867,2,1
2731,002869,3,3
2732,002870,3,2
2733,002871,3,1
2734,002872,1,4
2735,002873,3,3
2736,002875,1,2
2737,002876,1,2
2738,002877,3,3
2739,002878,3,5
2740,002879,1,2
2741,002880,0,0
2742,002881,3,2
2743,002882,1,3
2744,002883,2,4
2745,002884,2,1
2746,002885,2,1
2747,002886,3,2
2748,002887,3,1
2749,002888,3,2
2750,002889,3,1
2751,002890,1,2
2752,002891,3,2
2753,002892,4,2
2754,002893,2,8
2755,002895,4,3
2756,002896,2,1
2757,002897,3,1
2758,002898,4,1
2759,002899,1,2
2760,002900,2,1
2761,002901,5,4
2762,002902,3,2
2763,002903,1,1
2764,002906,1,3
2765,002907,2,5
2766,002908,0,0
2767,002909,2,2
2768,002910,3,3
2769,002912,2,4
2770,002913,3,2
2771,002916,2,1
2772,002918,4,3
2773,002919,2,4
2774,002921,2,3
2775,002923,5,3
2776,002926,2,3
2777,002928,3,0
2778,002929,0,7
2779,002931,2,3
2780,002933,1,4
2781,002936,0,0
2782,002937,3,0
2783,002938,0,3
2784,002940,4,1
2785,002941,0,0
2786,002942,3,0
2787,002943,0,0
2788,002945,0,0
2789,002946,0,0
2790,002947,0,0
2791,002948,0,4
2792,300001,7,1
2793,300002,2,3
2794,300003,1,3
2795,300004,1,5
2796,300005,3,0
2797,300006,0,1
2798,300007,1,6
2799,300008,6,1
2800,300010,4,3
2801,300011,3,2
2802,300012,2,3
2803,300013,3,2
2804,300014,5,3
2805,300015,1,1
2806,300016,3,1
2807,300017,3,7
2808,300018,1,3
2809,300019,2,4
2810,300020,4,5
2811,300021,5,3
2812,300022,0,0
2813,300023,1,4
2814,300024,1,5
2815,300025,4,2
2816,300026,3,6
2817,300027,1,2
2818,300028,2,1
2819,300029,1,2
2820,300030,4,2
2821,300031,2,3
2822,300032,1,1
2823,300033,1,2
2824,300034,1,3
2825,300035,3,0
2826,300036,0,1
2827,300038,3,2
2828,300039,1,2
2829,300040,6,2
2830,300041,1,2
2831,300042,1,4
2832,300043,2,4
2833,300044,4,6
2834,300045,3,2
2835,300046,4,5
2836,300047,0,0
2837,300048,3,5
2838,300049,3,4
2839,300050,4,3
2840,300051,4,3
2841,300052,2,4
2842,300053,4,3
2843,300055,2,2
2844,300056,6,4
2845,300057,3,6
2846,300058,6,1
2847,300059,1,1
2848,300061,4,4
2849,300062,2,3
2850,300063,6,2
2851,300064,2,4
2852,300065,4,5
2853,300066,1,1
2854,300067,3,2
2855,300068,4,3
2856,300069,0,0
2857,300070,7,3
2858,300071,6,5
2859,300072,4,5
2860,300073,3,3
2861,300074,4,2
2862,300075,3,1
2863,300076,3,3
2864,300077,2,3
2865,300078,2,2
2866,300080,6,5
2867,300081,5,3
2868,300082,2,1
2869,300083,3,5
2870,300084,4,1
2871,300085,3,2
2872,300087,0,0
2873,300088,4,3
2874,300089,5,3
2875,300090,6,7
2876,300091,4,4
2877,300092,0,0
2878,300093,2,1
2879,300094,2,2
2880,300095,3,2
2881,300096,2,3
2882,300097,7,3
2883,300098,7,6
2884,300099,0,0
2885,300100,2,4
2886,300101,2,2
2887,300102,2,5
2888,300103,3,2
2889,300104,4,2
2890,300105,3,4
2891,300106,9,4
2892,300107,0,0
2893,300108,6,4
2894,300109,8,4
2895,300110,2,3
2896,300111,5,1
2897,300112,1,3
2898,300113,1,3
2899,300114,0,0
2900,300115,2,4
2901,300116,5,5
2902,300117,2,2
2903,300118,8,3
2904,300119,1,2
2905,300120,5,3
2906,300121,3,2
2907,300122,3,1
2908,300123,3,4
2909,300124,0,0
2910,300125,3,4
2911,300126,1,1
2912,300127,0,0
2913,300128,0,0
2914,300129,0,0
2915,300130,7,3
2916,300131,6,7
2917,300132,4,2
2918,300133,4,3
2919,300134,5,1
2920,300135,1,1
2921,300136,1,1
2922,300137,1,1
2923,300139,1,2
2924,300140,6,7
2925,300141,2,5
2926,300142,2,2
2927,300143,5,4
2928,300144,1,1
2929,300145,2,4
2930,300146,4,3
2931,300147,2,4
2932,300148,4,2
2933,300149,4,3
2934,300150,4,6
2935,300151,1,1
2936,300152,7,7
2937,300153,3,1
2938,300154,2,3
2939,300155,1,1
2940,300156,1,5
2941,300157,2,3
2942,300158,2,5
2943,300159,2,4
2944,300160,1,0
2945,300161,0,2
2946,300162,3,4
2947,300163,5,2
2948,300164,3,0
2949,300165,0,1
2950,300166,1,5
2951,300167,4,6
2952,300168,6,1
2953,300169,4,3
2954,300170,2,0
2955,300171,0,1
2956,300173,2,1
2957,300174,4,1
2958,300175,4,9
2959,300176,6,4
2960,300177,6,5
2961,300178,3,3
2962,300179,1,2
2963,300180,1,2
2964,300181,2,2
2965,300182,1,1
2966,300183,1,2
2967,300184,5,1
2968,300185,1,0
2969,300186,0,5
2970,300187,2,2
2971,300188,1,5
2972,300189,1,2
2973,300190,3,4
2974,300191,4,2
2975,300192,4,2
2976,300193,3,4
2977,300194,1,6
2978,300195,3,2
2979,300196,1,6
2980,300197,4,2
2981,300198,2,3
2982,300199,1,2
2983,300200,1,4
2984,300201,1,0
2985,300202,0,3
2986,300203,1,2
2987,300204,1,3
2988,300205,4,3
2989,300206,1,4
2990,300207,5,3
2991,300208,1,4
2992,300210,0,0
2993,300211,1,4
2994,300212,4,1
2995,300213,1,2
2996,300214,2,2
2997,300215,3,2
2998,300216,4,3
2999,300217,2,1
3000,300219,7,5
3001,300220,1,2
3002,300221,5,3
3003,300222,2,1
3004,300223,2,1
3005,300224,1,3
3006,300225,3,8
3007,300226,7,2
3008,300228,7,5
3009,300229,1,1
3010,300230,3,2
3011,300231,3,2
3012,300232,4,3
3013,300233,2,3
3014,300234,4,4
3015,300235,1,4
3016,300236,2,1
3017,300237,4,4
3018,300238,4,2
3019,300239,2,1
3020,300240,3,3
3021,300241,5,4
3022,300242,5,3
3023,300243,4,2
3024,300244,2,4
3025,300245,2,2
3026,300246,0,0
3027,300247,2,1
3028,300248,2,3
3029,300249,3,4
3030,300250,3,1
3031,300251,4,1
3032,300252,6,5
3033,300253,2,0
3034,300254,0,1
3035,300255,3,5
3036,300256,4,0
3037,300257,0,0
3038,300258,0,2
3039,300259,2,2
3040,300260,3,4
3041,300261,3,4
3042,300262,3,3
3043,300263,3,0
3044,300264,0,1
3045,300265,5,4
3046,300266,5,1
3047,300267,2,4
3048,300268,5,5
3049,300269,4,0
3050,300270,0,2
3051,300271,3,3
3052,300272,1,6
3053,300273,8,4
3054,300274,3,1
3055,300275,2,2
3056,300276,1,2
3057,300277,2,4
3058,300278,3,4
3059,300279,5,4
3060,300280,5,2
3061,300282,2,3
3062,300283,0,0
3063,300284,0,0
3064,300285,3,5
3065,300286,2,1
3066,300287,2,2
3067,300288,2,6
3068,300289,3,1
3069,300290,1,4
3070,300291,2,3
3071,300292,8,6
3072,300293,1,2
3073,300294,3,4
3074,300295,2,1
3075,300296,4,8
3076,300297,6,5
3077,300298,3,4
3078,300299,3,2
3079,300300,5,3
3080,300301,7,9
3081,300302,3,4
3082,300303,4,2
3083,300304,1,2
3084,300305,3,2
3085,300306,2,0
3086,300307,0,2
3087,300308,4,3
3088,300309,3,1
3089,300310,2,2
3090,300311,7,1
3091,300312,3,4
3092,300313,4,0
3093,300314,0,2
3094,300315,4,3
3095,300316,1,5
3096,300317,8,1
3097,300318,1,2
3098,300319,4,2
3099,300320,2,1
3100,300321,1,3
3101,300322,3,6
3102,300323,5,5
3103,300324,3,2
3104,300325,5,5
3105,300326,2,0
3106,300327,0,2
3107,300328,2,3
3108,300329,1,1
3109,300331,1,1
3110,300332,4,9
3111,300333,0,0
3112,300334,3,2
3113,300335,2,2
3114,300336,1,1
3115,300337,1,2
3116,300338,6,3
3117,300339,4,5
3118,300340,2,4
3119,300341,2,2
3120,300342,4,3
3121,300343,4,2
3122,300344,5,2
3123,300345,2,3
3124,300346,2,1
3125,300347,4,4
3126,300348,3,4
3127,300349,3,3
3128,300350,3,3
3129,300351,1,1
3130,300352,2,1
3131,300353,2,2
3132,300354,1,4
3133,300355,8,2
3134,300356,1,1
3135,300357,2,1
3136,300358,1,0
3137,300359,0,3
3138,300360,5,0
3139,300361,0,6
3140,300362,8,4
3141,300363,2,2
3142,300364,5,4
3143,300365,3,1
3144,300366,4,6
3145,300367,7,6
3146,300368,4,2
3147,300369,3,4
3148,300370,1,3
3149,300372,0,0
3150,300373,3,3
3151,300374,4,4
3152,300375,3,3
3153,300376,5,6
3154,300377,1,1
3155,300378,1,4
3156,300379,1,1
3157,300380,1,3
3158,300381,6,3
3159,300382,4,1
3160,300383,1,6
3161,300384,1,2
3162,300385,2,2
3163,300387,3,2
3164,300388,8,8
3165,300389,3,4
3166,300390,1,1
3167,300391,0,0
3168,300392,4,3
3169,300393,4,7
3170,300394,2,3
3171,300395,1,1
3172,300396,3,2
3173,300397,1,2
3174,300398,1,4
3175,300399,1,1
3176,300400,3,1
3177,300401,2,1
3178,300402,3,3
3179,300403,1,1
3180,300404,3,3
3181,300405,1,2
3182,300406,2,0
3183,300407,0,2
3184,300408,4,2
3185,300409,7,6
3186,300410,3,4
3187,300411,3,3
3188,300412,3,3
3189,300413,6,1
3190,300414,2,1
3191,300415,3,1
3192,300416,4,1
3193,300418,6,1
3194,300419,0,0
3195,300420,1,3
3196,300421,4,3
3197,300422,3,5
3198,300423,2,2
3199,300424,6,4
3200,300425,2,2
3201,300426,7,5
3202,300427,3,3
3203,300428,2,1
3204,300429,1,2
3205,300430,2,4
3206,300431,7,4
3207,300432,1,2
3208,300433,5,3
3209,300434,3,2
3210,300435,1,1
3211,300436,5,4
3212,300437,4,4
3213,300438,1,3
3214,300439,4,1
3215,300440,4,4
3216,300441,2,1
3217,300442,0,0
3218,300443,0,0
3219,300444,5,4
3220,300445,2,3
3221,300446,1,1
3222,300448,4,5
3223,300449,3,4
3224,300450,4,3
3225,300451,2,5
3226,300452,1,1
3227,300453,1,3
3228,300455,2,1
3229,300456,4,5
3230,300457,5,4
3231,300458,2,2
3232,300459,5,2
3233,300460,1,2
3234,300461,1,4
3235,300462,1,4
3236,300463,4,3
3237,300464,4,2
3238,300465,2,7
3239,300466,3,3
3240,300467,5,7
3241,300468,1,2
3242,300469,7,5
3243,300470,3,2
3244,300471,2,1
3245,300472,2,1
3246,300473,3,4
3247,300474,3,1
3248,300475,1,1
3249,300476,2,2
3250,300477,2,9
3251,300478,2,2
3252,300479,1,4
3253,300480,4,2
3254,300481,0,0
3255,300482,5,3
3256,300483,4,2
3257,300484,3,2
3258,300485,3,1
3259,300486,3,5
3260,300487,2,2
3261,300488,1,2
3262,300489,1,2
3263,300490,2,4
3264,300491,4,3
3265,300492,2,1
3266,300493,3,1
3267,300494,2,2
3268,300495,3,4
3269,300496,4,4
3270,300497,5,1
3271,300498,3,1
3272,300499,2,1
3273,300500,6,2
3274,300501,2,1
3275,300502,2,4
3276,300503,2,3
3277,300504,1,3
3278,300505,2,6
3279,300506,4,3
3280,300507,1,0
3281,300508,0,3
3282,300509,1,4
3283,300510,5,4
3284,300511,7,1
3285,300513,2,2
3286,300514,2,2
3287,300515,2,1
3288,300516,2,1
3289,300517,2,2
3290,300518,2,2
3291,300519,1,2
3292,300520,4,1
3293,300521,2,2
3294,300522,1,3
3295,300523,3,4
3296,300525,3,4
3297,300526,2,3
3298,300528,0,0
3299,300529,3,5
3300,300530,3,1
3301,300531,3,2
3302,300532,1,2
3303,300533,1,1
3304,300534,1,1
3305,300535,4,3
3306,300536,3,5
3307,300537,2,3
3308,300538,4,1
3309,300539,3,2
3310,300540,2,2
3311,300541,4,2
3312,300542,3,4
3313,300543,3,5
3314,300545,2,1
3315,300546,2,3
3316,300547,2,2
3317,300549,1,1
3318,300550,1,2
3319,300551,2,1
3320,300552,3,3
3321,300553,0,0
3322,300554,1,1
3323,300555,2,1
3324,300556,4,1
3325,300557,1,2
3326,300558,2,3
3327,300559,2,2
3328,300560,4,1
3329,300561,4,2
3330,300562,4,2
3331,300563,1,2
3332,300565,3,1
3333,300566,3,6
3334,300567,3,3
3335,300568,5,2
3336,300570,1,4
3337,300571,3,6
3338,300572,2,2
3339,300573,2,1
3340,300575,0,0
3341,300576,1,2
3342,300577,3,5
3343,300578,4,3
3344,300579,2,3
3345,300580,0,0
3346,300581,3,3
3347,300582,2,2
3348,300583,1,7
3349,300584,2,2
3350,300585,2,2
3351,300586,3,2
3352,300587,5,2
3353,300588,4,2
3354,300589,0,0
3355,300590,2,2
3356,300591,3,2
3357,300592,1,1
3358,300593,3,3
3359,300595,0,0
3360,300596,3,2
3361,300597,0,0
3362,300598,1,1
3363,300599,0,0
3364,300600,2,1
3365,300601,3,3
3366,300602,5,1
3367,300603,5,3
3368,300604,2,2
3369,300605,2,1
3370,300606,1,3
3371,300607,5,4
3372,300608,2,2
3373,300609,1,1
3374,300610,1,3
3375,300611,2,4
3376,300612,3,0
3377,300613,0,4
3378,300615,4,2
3379,300616,3,3
3380,300617,3,4
3381,300618,2,3
3382,300619,2,2
3383,300620,1,1
3384,300621,3,2
3385,300622,3,3
3386,300623,3,2
3387,300625,1,3
3388,300626,2,2
3389,300627,1,3
3390,300628,1,3
3391,300629,2,2
3392,300630,5,2
3393,300631,2,1
3394,300632,1,3
3395,300633,2,1
3396,300634,0,0
3397,300635,2,1
3398,300636,0,0
3399,300637,1,3
3400,300638,7,3
3401,300639,4,3
3402,300640,3,2
3403,300641,2,1
3404,300643,1,1
3405,300644,2,3
3406,300645,1,0
3407,300646,0,6
3408,300647,6,3
3409,300648,3,0
3410,300649,0,1
3411,300650,1,5
3412,300651,5,1
3413,300652,2,1
3414,300653,2,1
3415,300654,3,5
3416,300655,5,4
3417,300656,3,9
3418,300657,4,1
3419,300658,1,3
3420,300659,4,4
3421,300660,3,3
3422,300661,4,3
3423,300663,4,3
3424,300664,3,2
3425,300665,2,1
3426,300666,4,1
3427,300667,3,3
3428,300668,4,2
3429,300669,2,1
3430,300670,3,1
3431,300671,2,5
3432,300672,2,3
3433,300673,5,3
3434,300675,2,3
3435,300676,4,3
3436,300677,3,4
3437,300678,1,1
3438,300679,4,2
3439,300680,2,6
3440,300681,3,1
3441,300682,5,3
3442,300683,2,1
3443,300684,3,2
3444,300685,2,4
3445,300686,3,3
3446,300687,1,1
3447,300688,2,2
3448,300689,3,2
3449,300690,1,1
3450,300691,3,4
3451,300692,1,3
3452,300693,3,3
3453,300695,2,1
3454,300696,2,2
3455,300697,2,2
3456,300698,1,3
3457,300699,1,2
3458,300700,1,6
3459,300701,1,4
3460,300702,4,4
3461,300703,2,3
3462,300705,1,2
3463,300706,0,0
3464,300707,2,2
3465,300708,3,3
3466,300709,1,2
3467,300710,0,0
3468,300711,2,1
3469,300712,4,3
3470,300713,4,2
3471,300715,3,3
3472,300716,1,3
3473,300717,2,2
3474,300718,2,4
3475,300719,3,4
3476,300720,1,1
3477,300721,3,3
3478,300722,3,2
3479,300723,4,2
3480,300724,3,4
3481,300725,6,5
3482,300727,2,0
3483,300728,0,3
3484,300730,0,0
3485,300731,5,3
3486,300733,1,2
3487,300736,3,4
3488,300738,2,3
3489,300740,1,0
3490,300741,0,4
3491,300743,2,2
3492,300745,2,4
3493,300747,3,0
3494,300748,0,2
3495,300750,3,1
3496,300752,3,0
3497,300753,0,0
3498,300755,0,0
3499,300756,0,0
3500,300757,0,0
3501,300758,0,0
3502,300759,0,2
3503,300761,0,0
